patient_id,ho_ten,cccd,ngay_sinh,so_dien_thoai,email,dia_chi,benh,ket_qua_xet_nghiem,bac_si_phu_trach,ngay_kham
bdd640fb-0667-4ad1-9c80-317fa3b1799d,Chị Lan Phạm,664468958436,08/05/1954,0357155939,jane67@example.net,"6 Bùi Đường, JohnXã, 683680",Tiểu đường,4.16,Quý ông Vũ Phạm,31/01/2026
562b0f79-c374-49ee-b50b-ea63371ecd7b,Quý cô An Phạm,204836371323,09/07/1948,0906587216,jane93@example.com,"373 Dương Tổ, Thành phố JohnHuyện, 144127",Tiểu đường,11.41,Trung Đức Lê,20/01/2026
a2bc372f-7412-4293-8729-4739614ff3d7,Ông Trọng Phạm,568263300923,15/11/1963,0301304063,janetran@example.com,"80 Nguyễn Dãy, JohnPhường, 105624",Huyết áp cao,7.21,Cô Kim Vũ,03/03/2026
654821d0-7fcd-4eb1-a7ca-d415366eb16f,Kim Thế Bùi,531891802001,03/12/1968,0963609140,maijane@example.net,"00 Jane Đường, Quận JohnHuyện, 518121",Huyết áp cao,10.92,Châu Phạm,18/02/2026
f143262f-dc5c-4eed-8da0-365bf89897b9,Lâm Xuân Phạm,916725215732,03/09/1971,0925600920,hoangjane@example.net,"1 Vũ Tổ, Huyện JohnThành phố, 285419",Tiểu đường,5.5,Hoàng Phạm,05/04/2026
5cec4eb5-edd9-4831-9ca3-5cfb04fc6d82,Hồng Hoàng,073534502729,21/02/1968,0783015585,janebui@example.net,"4 Phạm Đường, Thành phố JaneThành phố, 215299",Tim mạch,10.24,Chị An Vũ,27/03/2026
1efa2197-7394-488f-847f-d9b4e64d1bcb,Quang Phú Dương,829938490532,22/03/1938,0885152744,janebui@example.org,"893 Jane Làng, JanePhường, 344601",Tiểu đường,7.89,Khoa Đức Nguyễn,06/02/2026
6e595ed3-a8b3-47fa-98d0-752b1825bc54,Bảo Tấn Trần,274728091921,24/09/1942,0352304943,nguyenjane@example.org,"764 John Khu, Thành phố JohnPhường, 524989",Tim mạch,11.49,Bà Phương Trần,03/01/2026
c0e9ab30-ed26-42e9-97e0-11b7f8102383,Vân Vũ,347656524763,14/11/2000,0897921272,john38@example.net,"JohnThành phố, 34 Lê Dãy, 890314",Huyết áp cao,4.72,Anh Quang Bùi,12/01/2026
80bacd64-7a0e-4fea-958c-a9ba0cd620c2,Quý cô Chi Vũ,230922883543,25/08/1960,0886979787,janepham@example.org,"909 Vũ Tổ, JaneHuyện, 742784",Huyết áp cao,9.28,Chị Lan Vũ,26/01/2026
750cab75-4ccc-4bc2-a53f-8a28abf3e3fc,Bà Lâm Hoàng,062148048165,19/12/1948,0757030204,john29@example.net,"49 Đặng Đường, JohnThị xã, 390819",Tiểu đường,11.9,An Bảo Phạm,31/01/2026
35ebd32d-9ad6-40ab-8821-2ddb45b89cd9,Hạnh Vũ,906928508522,06/11/2001,0577969299,john46@example.net,"98 Jane Khu, Huyện JohnHuyện, 708224",Huyết áp cao,7.06,Bảo Quang Phạm,25/01/2026
e623a689-5d59-4d2a-8eea-04e70ab54bde,Bà Hải Hoàng,662543723147,13/12/1963,0987178146,tle@example.org,"38 Jane Đường, Huyện JaneXã, 937336",Huyết áp cao,9.68,Nhật Đức Nguyễn,31/01/2026
61ee411a-1bac-47a7-b386-f7a4c991603f,Quý cô Ngọc Phạm,120087035452,19/08/1965,0809360052,johnduong@example.net,"376 Mai Dãy, JohnQuận, 218051",Tiểu đường,9.9,Quý cô Vân Dương,23/01/2026
2db69edb-42de-4fcc-b86c-2ca2e08596db,Chị Kim Bùi,047744721241,03/07/1994,0344088506,lejohn@example.org,"29 Dương Khu, JohnQuận, 502311",Tim mạch,7.65,Nam Trần,02/03/2026
6703b636-5380-4904-a88c-7015aab97e49,Hưng Mai,981086040271,20/06/1961,0389552227,buijohn@example.com,"409 Jane Tổ, Thị xã JohnThị xã, 618432",Tiểu đường,5.81,Nhật Phạm,02/02/2026
83f4a9a9-48a6-49d0-95b5-2908a8aa7158,Dũng Nguyễn,205016719334,06/12/1965,0811684155,ele@example.com,"3 Nguyễn Đường, JohnHuyện, 409801",Tim mạch,4.47,Chị Lâm Phạm,12/02/2026
b227462c-f53d-4330-8dda-24ba2d06e8cf,Phương Phạm,976676347762,16/11/1951,0353554203,jane78@example.net,"3 John Đường, JanePhường, 466523",Tiểu đường,8.26,Quang Hữu Hoàng,05/04/2026
709b7d97-464c-44af-bd3f-3799a07295e9,Thành Lê,872889897428,10/04/1967,0968852091,jane98@example.org,"98 Vũ Làng, Huyện JohnXã, 256411",Huyết áp cao,6.86,Bác Nam Mai,04/01/2026
9360715f-c3fe-4183-a172-b725db52ca58,Tú Thế Dương,457780902948,01/01/1976,0382511336,dangjohn@example.com,"685 John Ngõ, Thành phố JaneQuận, 988815",Khỏe mạnh,11.98,Cô Vân Dương,25/01/2026
06e745f9-88bc-439c-9f4c-3b79fb10987f,Bà Linh Đặng,784592999834,10/09/1993,0839780654,jane14@example.net,"97 Jane Dãy, JaneThành phố, 712179",Khỏe mạnh,10.08,Cô Hạnh Dương,07/05/2026
a6d964a3-f510-4b53-87fe-e39f1190f938,Ánh Lê,030028263908,05/01/1969,0331771695,tranjane@example.org,"47 Dương Ngõ, Huyện JaneXã, 555410",Huyết áp cao,11.91,Ông Minh Vũ,21/01/2026
4fdc6e1b-edcb-4cb6-8692-dc639424aed5,Quý cô Duyên Vũ,976991761163,30/05/1968,0834551001,zpham@example.com,"847 Jane Ngõ, JohnQuận, 216833",Tim mạch,8.81,Duyên Phạm,04/02/2026
a6846099-f729-4951-8591-31d2bbda0242,Tú Thế Mai,495632092107,28/02/2001,0531826958,lejane@example.org,"71 Hoàng Đường, JohnQuận, 328605",Tiểu đường,11.43,Cô Hải Vũ,10/03/2026
4797b2c9-5720-4246-8223-623bcc3ebdde,Vũ Phú Vũ,734485601409,02/09/2005,0309906892,shoang@example.net,"863 Jane Ngõ, JanePhường, 753900",Tim mạch,5.17,Nam Mai Hoàng,13/03/2026
58007c02-87ea-4ff5-8db0-674679279973,Ông Trọng Nguyễn,135869767755,10/02/1997,0720347820,apham@example.org,"4 Jane Tổ, Quận JohnQuận, 112768",Huyết áp cao,9.99,An Dương,03/01/2026
4639447b-2067-4dac-88bd-13d1b540b30e,Quý cô Ánh Phạm,234945364304,13/02/1975,0522632219,jane35@example.com,"00 John Dãy, JohnXã, 766638",Tiểu đường,6.66,Bảo Đức Phạm,30/01/2026
f2f9e5fa-9016-4161-8fa7-01cd2631d00b,Bảo Bùi,449258999417,25/06/1951,0963554495,maijane@example.org,"38 Trần Khu, JohnXã, 622162",Tim mạch,5.39,Nam Hữu Dương,03/02/2026
00af5b3a-2812-459a-9337-739e8d4f5d27,Bảo Tấn Lê,314792585108,20/10/1939,0301993325,vujohn@example.org,"4 Vũ Làng, Thành phố JohnPhường, 688826",Tim mạch,10.78,An Quang Bùi,12/01/2026
9854ce4e-4ebf-45c3-8ae9-b4a72a79ea68,Anh Tấn Phạm,206921936053,24/02/1999,0760905790,janemai@example.org,"802 John Đường, JohnThị xã, 554356",Tiểu đường,4.53,Quý ông Vũ Trần,22/04/2026
2cd94cbb-c19a-458c-835b-1c8c0a4c9f7f,Tùng Hữu Trần,505711508147,06/09/1994,0890965361,johnhoang@example.org,"94 Lê Số, Huyện JohnXã, 820517",Tiểu đường,4.59,Vân Mai,03/03/2026
f85e06a1-1dad-49b2-92c2-1221409d3602,Minh Đặng,001519043273,26/03/1998,0768449054,johnhoang@example.net,"49 Jane Ngõ, JohnThị xã, 813316",Tiểu đường,10.77,Bà Kim Nguyễn,16/02/2026
8d03c91e-4f8d-4238-a88b-78b5b5b453ca,Hà Xuân Hoàng,275260307117,17/01/1948,0767124320,ole@example.com,"3 Hoàng Hẻm, JanePhường, 216565",Tim mạch,9.64,Thành Phạm,09/04/2026
dd30de89-22f2-45f2-a11b-868dbf0d073d,Chi Nguyễn,608990677000,13/08/1981,0509694929,vujohn@example.net,"6 Đặng Số, Quận JanePhường, 779209",Tim mạch,4.39,Thành Mai Bảo Bùi,09/01/2026
b489d070-7914-48a8-bea4-ff31517400f8,Bà Khoa Lê,428788892219,25/05/1940,0514396130,jane73@example.net,"97 Mai Tổ, Thành phố JohnThành phố, 200023",Huyết áp cao,6.28,Thảo Nguyễn,02/05/2026
7cea2045-c268-483e-a32f-2e63b7fddd71,Bà Phương Mai,261028468071,24/04/1967,0798104442,jane00@example.com,"1 John Ngõ, JaneHuyện, 693470",Khỏe mạnh,7.58,Quý ông Bảo Mai,20/04/2026
2b840c67-2e18-4554-8ae2-8e66ae8a7813,Vân Nguyễn,145931095030,19/02/1968,0918957646,phamjohn@example.net,"35 Lê Ngõ, Thị xã JaneHuyện, 802189",Huyết áp cao,6.12,Bác Nam Trần,28/02/2026
da743152-627b-41a1-bfd6-f23232ffe294,Quý cô Mai Dương,975864079655,18/03/1984,0963356180,johnvu@example.net,"91 John Dãy, JohnQuận, 828122",Khỏe mạnh,5.33,Bà Mai Phạm,01/03/2026
945ef2e4-088a-43ec-b0d9-c9f8c9e26074,Quý cô Hạnh Vũ,208133158959,29/10/1979,0791544792,jane27@example.org,"761 Jane Ngõ, JohnXã, 442937",Khỏe mạnh,8.3,Quý ông Vũ Nguyễn,28/01/2026
dc322c97-39c1-4262-b76c-8edec1101266,Lâm Quang Bùi,340550676545,22/01/1989,0784107128,janetran@example.org,"1 Lê Tổ, Thị xã JohnThị xã, 437389",Huyết áp cao,4.34,Thành Phú Bùi,04/05/2026
b379cb1e-e8cd-40cc-b6da-3ca0d2e82f38,Vi Đặng,920381431233,20/05/1954,0916405700,vujane@example.com,"Thị xã JaneXã, 92 Phạm Số, 998767",Khỏe mạnh,7.92,Khoa Vũ,21/03/2026
08601833-479d-4cda-b396-ea37f065c817,Bà Xuân Phạm,629623321907,30/06/1967,0945269877,lejane@example.net,"9 Jane Làng, Thị xã JaneThành phố, 296019",Tiểu đường,6.69,Quang Đức Dương,10/02/2026
dea45c19-d024-4d72-b748-967f961d33ba,Nhật Bùi,363887648541,29/09/1935,0779017981,janedang@example.org,"752 Mai Đường, Thị xã JohnXã, 359784",Tiểu đường,5.33,Lan Bùi,13/04/2026
79eb4168-1045-46e5-bee3-eb791d181ee9,Cô Mai Mai,867146494802,15/03/1950,0753679646,duongjane@example.net,"068 Bùi Tổ, JaneThành phố, 229243",Tiểu đường,8.36,Tùng Mai,25/01/2026
95da75c1-a211-40f9-9fd3-4579466772ce,Quý ông Quang Trần,728093732504,01/03/2004,0980762126,tranjohn@example.net,"45 John Số, Huyện JohnHuyện, 380133",Tiểu đường,5.38,Nhật Thế Nguyễn,14/03/2026
ec48bf55-afd3-40c4-a713-582cf41ea3ac,Lan Nguyễn,398347900234,18/01/1948,0743335533,jane94@example.org,"55 Vũ Đường, Thành phố JohnThành phố, 939267",Huyết áp cao,8.52,Chị Hồng Vũ,10/03/2026
36760ce5-81e5-49f6-93f2-77cc1a85910d,Nhiên Bùi,400619351962,04/01/1983,0994036466,janemai@example.net,"0 Jane Khu, JaneQuận, 860753",Tim mạch,8.52,Thành Lê,14/01/2026
f8c88fae-a217-4f84-bdb0-25ff2451e5a4,Lan Đặng,378855132169,21/08/1964,0536399502,janebui@example.net,"6 Jane Tổ, Thành phố JaneXã, 188887",Khỏe mạnh,9.06,Quý cô Thảo Dương,23/02/2026
1d2324e6-8329-40b7-8143-f426372f871a,Quý ông Anh Vũ,939288791269,03/08/2001,0700182453,johnduong@example.org,"668 Phạm Làng, JohnPhường, 535848",Tim mạch,3.66,Hương Trần,14/02/2026
ab05347f-d556-437d-8f08-81ee8011316b,Châu Bùi,535902368663,23/09/1994,0590619112,jane46@example.org,"99 John Khu, JaneThành phố, 515582",Tiểu đường,11.15,Thành Phạm,17/02/2026
862268d1-6683-4107-96c0-44d06f887f28,Chị Linh Lê,821260441825,26/07/1981,0772795974,johnnguyen@example.net,"4 Lê Dãy, JohnPhường, 951086",Tiểu đường,9.43,Quý ông Phúc Vũ,08/05/2026
c5d95f51-f387-41bd-ad59-72c6134a5a2f,Nhật Mai Trần,922493018588,15/06/1996,0568300819,john30@example.net,"290 Jane Khu, Quận JaneQuận, 611408",Khỏe mạnh,10.58,Nhật Đặng,15/01/2026
daf481a7-fa34-42e8-9d3f-7d7ea508dc95,Bảo Hữu Mai,602071062376,15/05/2004,0909707932,jane58@example.org,"221 Jane Ngõ, JanePhường, 250892",Khỏe mạnh,9.86,Phương Trần,18/02/2026
707df251-fdb1-429e-b010-ed13b526b22d,Dũng Mai,241285057947,01/02/1988,0931589659,jane52@example.com,"489 Đặng Làng, Quận JohnQuận, 988159",Khỏe mạnh,11.33,Quý ông Trọng Hoàng,26/01/2026
15b02530-f020-4992-b576-255e98549f22,Hải Xuân Mai,080444536908,24/01/1980,0541897789,tranjohn@example.com,"581 Jane Ngõ, Thị xã JohnQuận, 627460",Khỏe mạnh,7.83,Ông Hưng Hoàng,13/04/2026
e05b46c5-5636-4094-a974-31db09a9d1c1,Chị Bảo Vũ,071897584426,21/12/1959,0728369203,lbui@example.org,"02 Dương Đường, Thị xã JaneHuyện, 899823",Khỏe mạnh,6.96,Quý ông Hoàng Phạm,08/04/2026
297ca4ff-f75d-499f-ab2d-5b0987079ad4,Cô Ngọc Trần,713062499979,17/06/1942,0507724470,janeduong@example.net,"8 Mai Khu, JaneXã, 127314",Huyết áp cao,8.31,Trung Hữu Đặng,11/01/2026
3c5bf3a7-5fbb-40b1-8083-89c8657e01c9,Tú Phạm,771942415406,13/03/1939,0568777275,jane20@example.com,"4 Jane Khu, JohnQuận, 980984",Khỏe mạnh,10.49,Anh Bảo Vũ,16/02/2026
3d0a5f0c-0c39-4ec7-9f31-74054d183eba,Ngọc Hoàng,029363123975,12/06/1950,0787764970,john18@example.org,"6 Jane Hẻm, JohnQuận, 778219",Huyết áp cao,11.34,Anh Nhiên Trần,14/01/2026
81e03a5e-8b48-4496-86ab-d4e7f4124360,Lan Lê,993249102734,14/04/1941,0579871388,pbui@example.com,"33 Lê Tổ, JaneQuận, 786972",Khỏe mạnh,10.91,Lan Vũ,13/01/2026
752a7d25-f190-4b7e-86b4-69efb74eba93,Quý ông Nam Đặng,603751801840,27/04/1941,0990794058,nguyenjane@example.net,"1 John Ngõ, Thành phố JohnXã, 772882",Huyết áp cao,11.49,Lâm Hữu Vũ,17/03/2026
7f072cb9-2fd3-40c0-b945-f2fd56cb1ab0,Chị Bảo Lê,435838354012,08/08/1946,0790256781,unguyen@example.com,"Quận JohnThị xã, 43 Mai Số, 764293",Tiểu đường,6.21,Mai Bùi,10/03/2026
46494296-6f58-42c3-bf86-cc319d66e815,Anh Quang Vũ,214306053167,21/10/1984,0515922009,jane77@example.net,"JohnPhường, 89 Vũ Tổ, 178288",Khỏe mạnh,7.41,Anh Minh Nguyễn,13/04/2026
a6499cdc-507b-4072-a5e5-8f345df06e8c,Bác Tú Dương,365569411846,20/11/1938,0503933737,jane34@example.com,"77 John Tổ, JaneHuyện, 322009",Khỏe mạnh,9.58,Anh Trung Đặng,10/05/2026
8ccc9cea-109f-48ee-b5a4-720058f0dd23,Hồng Dương,427043532618,20/01/1959,0387580615,johnbui@example.com,"770 John Dãy, Thành phố JaneQuận, 985004",Huyết áp cao,6.25,Tú Mai,15/01/2026
a4704d48-5128-49b1-b8ed-e0ca20156a72,Cô Hồng Dương,824676313135,09/10/2005,0883716354,ahoang@example.org,"5 Phạm Số, JohnThị xã, 151573",Khỏe mạnh,6.61,An Bảo Vũ,18/02/2026
8d03f17a-f4d3-45c1-a293-19fa3240d7a1,Lan Vũ,420427551211,19/12/2007,0814289523,mle@example.org,"840 John Tổ, Thành phố JaneQuận, 103095",Tim mạch,10.43,Chị Hương Nguyễn,26/02/2026
7ba24588-4d56-4a3d-b4e7-069aa4540937,Trọng Nguyễn,450578816157,16/04/1945,0376496615,john78@example.org,"8 Hoàng Số, JohnXã, 902029",Tiểu đường,7.75,Vi Mai,01/04/2026
3f779cae-7318-496d-8479-06121f5d988f,Quang Phú Dương,571089828252,23/08/1987,0796547169,jane65@example.com,"90 John Khu, Thị xã JaneThành phố, 643037",Tim mạch,5.67,Bảo Phạm,10/03/2026
7eb162f1-4806-4804-8cf0-374c0c74dc0f,Cô Nhật Hoàng,768286825949,27/12/1949,0339932397,ble@example.net,"0 Đặng Hẻm, JaneHuyện, 849978",Huyết áp cao,6.84,Nam Đặng,24/01/2026
64d6dfbf-18c0-4e2b-b99f-070420f0156a,An Văn Đặng,855905013081,14/06/1962,0577158338,john32@example.net,"9 Vũ Hẻm, JohnThành phố, 539023",Tiểu đường,9.35,Linh Hoàng,09/04/2026
7d66971e-8847-4c56-827c-9f8cd40ac5e9,Xuân Trần,490228314883,29/06/1985,0766479941,john41@example.com,"31 Jane Ngõ, Thị xã JaneThành phố, 849519",Tiểu đường,5.79,Ông Tú Phạm,22/04/2026
30d73df7-1c22-4cea-b355-56a5f2bd92f2,Dũng Trần,612405392459,09/05/1992,0780457160,janedang@example.com,"2 John Làng, JaneHuyện, 601000",Tiểu đường,6.25,Hà Trần,05/05/2026
9c2dfa97-43ad-4d62-b17c-fb21cdbc2c1c,Anh Quang Bùi,083253521932,26/12/1975,0865648085,johnpham@example.org,"302 Trần Dãy, JohnXã, 947862",Khỏe mạnh,10.61,Quý cô Chi Phạm,16/01/2026
a7edc8d8-713f-4f8c-ac8b-e53758ab4778,Khoa Nguyễn,683464848757,10/11/1962,0554774093,vujane@example.net,"3 Phạm Dãy, JohnThị xã, 723179",Tim mạch,10.72,Tùng Mai,02/01/2026
edd97a1a-fa58-4b27-8ce3-e7c3f6eab3a0,Bảo Dương,202105534979,04/05/2000,0372150969,jane61@example.org,"380 John Dãy, JaneHuyện, 533251",Tiểu đường,9.37,Cô Vân Bùi,08/01/2026
9a4ffc0c-9165-42ed-8c63-6e95025f5543,Minh Đức Mai,114515671512,12/03/1997,0965441476,vujohn@example.net,"507 Trần Khu, JaneQuận, 179113",Tiểu đường,11.96,An Hữu Mai,25/03/2026
669d01ff-1634-425b-93f3-007383e96ef4,Quý cô Ánh Dương,944951177505,04/05/2000,0567833721,nguyenjohn@example.org,"3 Mai Hẻm, JaneQuận, 754803",Huyết áp cao,9.62,Bác Trung Mai,02/03/2026
ea87855e-a382-45d3-9e0e-f546b0b6dedf,Vũ Văn Đặng,477830856373,01/06/1965,0768119956,john55@example.net,"41 Nguyễn Số, JohnPhường, 692040",Khỏe mạnh,11.36,Nhật Đức Bùi,09/04/2026
265cb9d9-8962-4f6e-929c-93b333c08bf1,Thảo Hoàng,996590490074,07/03/1951,0947465371,janepham@example.net,"86 Jane Ngõ, Huyện JohnXã, 136765",Huyết áp cao,11.47,Quý ông Tú Bùi,23/04/2026
58330b30-6c77-4e95-8b98-1ccd12b2102d,Kim Nguyễn,618037697515,01/10/1944,0569427949,jpham@example.com,"86 Nguyễn Ngõ, Thị xã JaneThị xã, 409637",Tiểu đường,6.29,Anh Anh Vũ,15/04/2026
ba54e920-2099-4180-8762-3997649f7d88,Bác Nam Phạm,515276034103,19/12/1975,0537913044,buijohn@example.org,"6 Bùi Số, JohnPhường, 459990",Tiểu đường,6.32,Quý ông Trọng Bùi,07/01/2026
b40a9181-ac09-4db7-9908-6e477249f62c,Bác Tú Dương,615486157444,08/02/1990,0961304663,jane30@example.org,"301 Phạm Đường, JaneQuận, 306499",Huyết áp cao,11.2,Minh Đức Hoàng,12/01/2026
e134edfc-9777-4f10-b2d2-393f8e85140d,Quý cô Yến Lê,068150374203,27/09/1941,0839878969,jane97@example.com,"787 Trần Tổ, JohnThành phố, 937570",Tim mạch,6.85,Dũng Tấn Nguyễn,17/02/2026
a58e83dd-548c-4d84-b40d-e04941476506,Bà Hà Đặng,783833621658,11/12/1947,0916986181,janebui@example.net,"846 Nguyễn Tổ, JohnHuyện, 659497",Tiểu đường,10.09,Cô An Nguyễn,17/02/2026
345af934-b42a-4d93-9aba-0f15b2149062,Dũng Mai Bảo Đặng,946357402590,02/03/1987,0843557758,phamjane@example.com,"6 John Dãy, Huyện JohnHuyện, 711624",Tim mạch,11.44,Trung Mai Bảo Trần,04/01/2026
95831d58-ef4c-4119-8da5-d39b42c21797,Yến Phạm,829500527352,02/04/1980,0755457926,phamjane@example.net,"4 Jane Hẻm, Thành phố JaneThành phố, 133937",Khỏe mạnh,5.87,Hạnh Phạm,15/01/2026
0c6b7074-ab10-4c9b-9168-2e09f1f7d904,Cô Hạnh Mai,751498218852,09/11/1966,0385361775,jtran@example.net,"27 Jane Dãy, Huyện JohnThành phố, 474631",Huyết áp cao,7.7,Anh Vũ,04/01/2026
ac8d6c7d-b2a6-4468-902b-124380913ac1,Quý cô Mai Phạm,800313190141,23/09/2006,0949770888,janehoang@example.com,"101 Lê Số, JohnThị xã, 829307",Huyết áp cao,10.01,Thành Mai,19/01/2026
8d7dd772-608e-4f5c-a117-727067c0518b,Hoàng Dương,553592495607,12/08/1946,0962004001,ovu@example.com,"40 John Làng, Huyện JaneThành phố, 734005",Tiểu đường,7.81,An Hải Lê,08/05/2026
d9b59f84-edc3-41c3-adea-2d2d086c405f,Cô Hà Bùi,769512693695,25/12/1954,0931352480,johnvu@example.com,"4 John Hẻm, JohnPhường, 775120",Huyết áp cao,8.88,Cô Dương Dương,30/04/2026
f80b2cea-658e-44a2-9879-cf35f4719986,Bà Nhật Dương,621546398103,17/02/2002,0905707168,btran@example.com,"9 Jane Khu, Thành phố JohnPhường, 864027",Huyết áp cao,5.03,Thành Hải Trần,02/01/2026
5c238d8d-71da-45b9-8eea-9db8f165d779,An Dương,391657812579,29/03/1947,0906104809,gnguyen@example.com,"355 Jane Làng, Huyện JaneThành phố, 788482",Tim mạch,6.32,Phương Lê,17/02/2026
af70de70-2b69-495e-8567-1b58926bffa5,Hưng Đặng,809398371471,05/05/1976,0947431528,janebui@example.org,"089 Dương Làng, Quận JaneThị xã, 155663",Khỏe mạnh,4.1,Quý cô Bảo Bùi,06/03/2026
cdd7f460-6140-47d3-9ec4-ea48d773f98d,Thảo Đặng,983479210500,19/11/1953,0965077673,duongjohn@example.com,"902 Mai Tổ, Huyện JaneXã, 421111",Khỏe mạnh,5.86,Bác Tùng Bùi,06/01/2026
f166cdcf-762c-4fbc-ba2a-a7baf3f81c31,Hà Mai Bảo Lê,461698841016,08/10/1944,0769250948,johnbui@example.org,"26 Nguyễn Khu, Thành phố JanePhường, 288158",Tiểu đường,9.23,Chị Nhật Lê,15/04/2026
15c1604f-ea16-4354-a35f-c9c198049562,Nhiên Đặng,093929484481,30/12/1957,0871792892,johnle@example.net,"9 John Ngõ, Thị xã JohnQuận, 866620",Huyết áp cao,9.76,Vi Vũ,04/04/2026
eba900e1-6a7d-4d96-8ba1-72331ac3bf31,Quang Phú Trần,261002569016,07/10/1982,0721335506,johndang@example.net,"39 Phạm Dãy, Thị xã JaneXã, 594909",Tim mạch,7.61,Bà Khoa Hoàng,18/04/2026
6d268b37-8f52-42d3-94bb-bcf828fea761,Kim Mai Bảo Đặng,755056863794,22/09/1960,0716315724,janehoang@example.com,"5 John Hẻm, Thành phố JaneHuyện, 778115",Tim mạch,9.92,Quang Vũ,30/03/2026
dcd5bfae-abb3-46a7-8329-97801d2c2721,Bác Huy Vũ,963969754943,13/10/1988,0369541546,ymai@example.org,"721 Mai Dãy, JaneQuận, 565878",Huyết áp cao,11.89,Khoa Mai,26/04/2026
6c4c450b-623a-40fc-9326-7d25234b4562,Khoa Mai Hoàng,959267593955,08/12/1958,0335295797,john94@example.net,"Huyện JohnPhường, 54 Jane Hẻm, 448521",Tiểu đường,5.28,Chị Chi Vũ,28/03/2026
90bde900-1529-46f5-aad1-1fe87d1b695e,Quý ông Minh Lê,167557467800,10/02/1975,0570195849,jane55@example.net,"2 John Hẻm, JohnXã, 606595",Tim mạch,10.97,Bác Quang Bùi,27/02/2026
7321a8b2-0840-405a-bfd2-f491dff389aa,Hạnh Trần,866115573222,12/02/1995,0597803474,janedang@example.com,"JohnThị xã, 50 Trần Dãy, 696436",Tim mạch,7.79,Hạnh Bùi,02/02/2026
4aea1b8f-b43c-4e0a-ba9f-c10e52daf681,Quý cô Chi Nguyễn,773478584335,15/05/2005,0821589045,wnguyen@example.com,"69 Vũ Ngõ, Huyện JaneXã, 675784",Huyết áp cao,8.65,Ông Vũ Phạm,20/03/2026
b1d81887-4739-4c7b-bff3-0c8d83ff3e96,Khoa Dương,500239897523,11/09/1935,0934059571,john20@example.org,"715 Jane Làng, Quận JohnThành phố, 428210",Tiểu đường,6.93,Quang Mai,20/01/2026
75a72686-d632-4d31-88ac-ffcfa04d4d14,Bà Hồng Trần,246944134122,02/06/1995,0325952818,janetran@example.com,"6 John Ngõ, JaneXã, 609926",Tiểu đường,9.69,Quý cô Ánh Bùi,15/02/2026
b4258e19-1758-447e-a7cd-e1436de21429,Bảo Mai Bùi,666129655147,02/04/2000,0973672786,johntran@example.net,"9 Jane Làng, JaneQuận, 157870",Tiểu đường,9.11,Hà Xuân Mai,13/03/2026
61fa01ba-231a-47c7-8c9b-ff5ce1887eaf,Phương Mai,758984670011,06/07/1936,0507266560,john10@example.com,"0 Phạm Tổ, Quận JaneQuận, 628539",Tim mạch,3.84,Cô Mai Vũ,06/05/2026
99db1302-8dab-46d3-bf87-dfc2159152f2,Thành Lê,332905048086,27/04/1963,0820023714,dbui@example.com,"214 Jane Hẻm, Quận JohnQuận, 746229",Tiểu đường,9.7,Ông Quang Trần,15/01/2026
0387f74d-1149-4096-965d-744f0445c1a8,Cô Vân Đặng,193784176686,03/08/1943,0581883862,johnbui@example.net,"Huyện JaneThị xã, 281 Jane Ngõ, 245832",Huyết áp cao,7.77,Khoa Hoàng,04/05/2026
ae59aa52-a65b-422b-95a3-86d9c362a810,Yến Bùi,635364268528,02/11/1967,0816511280,pmai@example.org,"52 John Dãy, Huyện JaneXã, 830212",Tim mạch,11.55,Nhật Văn Vũ,25/01/2026
44cdbfdd-df9b-441e-87f7-bda1bff15840,Quý cô Hồng Nguyễn,840091941946,15/10/1993,0823547541,bbui@example.com,"64 Jane Tổ, JaneThị xã, 419502",Tim mạch,11.24,Bà Thành Phạm,14/02/2026
0b461173-00a8-4473-8242-5912bda3c162,Ông Trung Mai,945085345472,26/07/1999,0870256603,johndang@example.org,"JohnXã, 8 Lê Số, 657248",Tiểu đường,8.39,Khoa Mai Bảo Dương,11/04/2026
66a302d6-f43e-4c48-8bc1-f9e5fb3df063,Chị Bảo Trần,063881522285,23/08/1977,0820175344,janeduong@example.net,"49 Dương Đường, JaneThành phố, 394764",Huyết áp cao,8.64,Bà Thành Phạm,05/01/2026
a2cd1590-58af-493c-8aa2-b4c93ba5bd76,Thành Hoàng,844765252503,27/07/1986,0503019824,janepham@example.org,"JohnXã, 35 Lê Dãy, 997090",Huyết áp cao,7.62,Vũ Phú Lê,21/04/2026
f6d70248-a995-4cc3-af5b-09a60ff1c51f,Quang Thị Mai,546018049844,26/03/1978,0548095634,jduong@example.org,"93 Vũ Đường, JohnXã, 755838",Tim mạch,8.36,Quý ông Quang Mai,10/02/2026
43d78f2b-769d-41e3-8eed-412473b0d676,Trung Mai,602431962893,05/10/1976,0521636791,johnhoang@example.com,"65 John Tổ, Thị xã JaneQuận, 260517",Khỏe mạnh,5.39,Quý cô Hạnh Bùi,28/01/2026
d49347fc-0fc9-4d2e-830f-9be91f178f93,Hạnh Tấn Đặng,540074907600,08/01/1986,0946767913,janetran@example.com,"883 John Hẻm, JohnXã, 592112",Huyết áp cao,6.02,Linh Nguyễn,06/01/2026
2c3d17e2-6d39-4a75-aee7-0ab261fa8e7a,Lâm Bùi,799044159081,12/06/1973,0883658927,hbui@example.com,"00 Jane Hẻm, JohnQuận, 833343",Tiểu đường,5.92,Quý ông Minh Mai,04/01/2026
b69f75c5-c82b-41be-a1eb-64e6fd498e20,Khoa Mai Hoàng,497636816433,26/09/2003,0500548210,kbui@example.com,"842 Jane Ngõ, JanePhường, 288543",Huyết áp cao,7.05,Quý cô Hồng Bùi,12/02/2026
cc21cbdb-fb8f-48c4-98b4-8ead93608edf,Hạnh Mai Bảo Đặng,971432575733,22/07/1967,0866644548,imai@example.net,"07 Hoàng Đường, JaneQuận, 847725",Khỏe mạnh,9.38,Bảo Văn Trần,03/04/2026
9d37efb6-eafb-4e90-94ec-84ce002ccb25,Ánh Trần,748425775572,26/05/1979,0856580872,gtran@example.net,"95 Jane Khu, Huyện JaneHuyện, 837600",Tim mạch,9.06,Phúc Tấn Vũ,07/05/2026
f7ff88d4-b509-408a-ac98-8bca51397c06,Lan Phạm,784554152906,12/02/1977,0933558141,janetran@example.net,"88 Bùi Số, JaneThành phố, 765254",Huyết áp cao,7.65,Lâm Mai Lê,04/03/2026
f68c62e6-e2a4-4909-a2dd-22d52afaab7b,Hải Bảo Nguyễn,300540127001,23/02/1996,0908391992,dbui@example.org,"553 John Dãy, JohnThành phố, 621729",Huyết áp cao,4.53,Thảo Mai,04/04/2026
a6a5f0ff-93fb-41d0-9d32-6d9cc9ea356a,Dũng Hải Bùi,658106675163,27/11/1939,0926255980,john81@example.net,"13 Phạm Làng, Huyện JaneQuận, 733665",Huyết áp cao,4.7,Dũng Dương,09/02/2026
b27b7bb4-68c6-40b2-b0a2-cee8f9722cc1,Hải Lê,379204946233,09/09/1967,0533976810,john21@example.org,"976 Lê Ngõ, Quận JaneXã, 622232",Tiểu đường,7.49,Xuân Hoàng,16/01/2026
4ef03f80-1d91-4e39-9801-4004793bed1b,Quý cô Thảo Vũ,925236053393,06/10/1947,0971975776,jane88@example.org,"00 Jane Hẻm, JohnPhường, 256768",Huyết áp cao,9.68,Nhiên Nguyễn,14/02/2026
6319629b-d73e-4bb9-8f9c-a17b8db8dadf,Hà Bảo Bùi,215271255998,06/06/1967,0978749153,janebui@example.net,"0 Bùi Dãy, Huyện JaneHuyện, 475815",Tim mạch,6.07,Cô Lâm Lê,26/03/2026
a091e5b4-d293-4e6e-bf4d-093033b0fb53,Cô An Trần,594021647769,16/03/1947,0964917315,gpham@example.org,"7 Lê Đường, JaneThị xã, 310878",Huyết áp cao,10.45,Bà Chi Vũ,20/01/2026
891f4683-de12-4bf1-893d-6196c926a021,Anh Thành Đặng,410885342169,12/06/2001,0967504064,ttran@example.net,"433 John Dãy, JohnThành phố, 264215",Tiểu đường,4.77,Hương Dương,06/04/2026
1924c644-af52-4666-b239-09f4dbb54645,Chị Hồng Lê,772966657098,11/01/1979,0984104987,johnmai@example.com,"1 Đặng Số, JaneThành phố, 973325",Tiểu đường,7.36,Dũng Mai,08/02/2026
08775804-3fde-4814-8ec0-ad4bd6441a9d,Lan Trần,045392961231,24/08/1972,0345756997,pvu@example.org,"55 Hoàng Số, Thành phố JohnThành phố, 603738",Tim mạch,11.1,Yến Vũ,06/01/2026
da9408c0-29b4-4cb1-8cb5-ee5c62f5f7c2,Chị Xuân Hoàng,640831467588,30/06/1963,0562953865,jane83@example.net,"20 Mai Hẻm, Thành phố JaneThị xã, 749344",Huyết áp cao,9.46,Bác Trọng Bùi,01/04/2026
d30608be-8548-467b-ad5c-ba244d59616b,Thành Hữu Đặng,664798730375,22/12/2004,0746718377,vujane@example.com,"920 Jane Làng, Thành phố JohnQuận, 638863",Tim mạch,11.53,Lâm Nguyễn,05/01/2026
4bacbedf-ff5a-429e-bf53-d344a7c854e4,Kim Đức Mai,616830771509,15/03/1988,0840509330,buijohn@example.org,"76 Jane Làng, Huyện JaneThành phố, 714598",Tiểu đường,5.74,Hoàng Xuân Trần,05/02/2026
55ec024a-e64b-4b37-ae01-a122f269921c,Chị Thành Dương,936411700146,02/10/1965,0528765454,johnle@example.org,"983 Bùi Tổ, Quận JohnQuận, 874824",Tiểu đường,8.01,Kim Vũ,21/03/2026
e8184f34-e491-4f7d-91c4-6efcfcb896bb,Vân Vũ,817541441925,11/05/1946,0572914244,bpham@example.net,"JohnXã, 080 Jane Tổ, 154951",Tim mạch,8.97,Bà Mai Phạm,01/01/2026
bb0c7919-330c-4ff5-88a5-fa0d09a85dc5,Nhật Mai,105977707322,18/04/1961,0326658914,jane87@example.net,"62 Lê Đường, Thị xã JohnPhường, 925164",Khỏe mạnh,8.48,Nhiên Lê,08/03/2026
5bf7dda1-7d7c-49a5-a6c1-1650ff02f5b0,Phương Dương,044018477602,17/12/1937,0503441326,tranjohn@example.com,"635 Đặng Khu, Quận JanePhường, 613332",Huyết áp cao,7.99,Quý ông Huy Mai,15/03/2026
797209c0-40b3-44f8-8c1a-b2c71fa3ed1f,Cô Mai Trần,214684873448,04/05/1976,0323323733,janebui@example.org,"81 Jane Đường, Quận JaneThành phố, 694272",Tim mạch,8.59,Quý cô Thành Nguyễn,11/03/2026
290e3e89-4b9c-42f4-a8e5-c8cdb4146e4a,Quý cô Vân Đặng,416891660038,17/08/1963,0567969477,janele@example.org,"446 Dương Dãy, Thành phố JaneHuyện, 861102",Tim mạch,5.63,Hương Phạm,20/01/2026
0a190939-dfc7-4b26-acb9-41fcd02c75f9,Quý cô Xuân Phạm,586479135700,03/05/1993,0927432797,john64@example.net,"26 Jane Đường, JaneQuận, 169332",Huyết áp cao,4.67,Cô Kim Trần,03/04/2026
e2d903c8-a61a-4d8e-abf7-240fccc62fed,Lâm Đức Mai,357470252727,19/01/1957,0586881655,vujane@example.net,"59 Dương Hẻm, Thành phố JohnPhường, 355740",Khỏe mạnh,10.25,Bảo Lê,08/05/2026
de4b061e-b45e-4463-832a-09e05071e5f0,Chị Hải Trần,935399914854,27/04/1948,0771593799,jane77@example.org,"3 Jane Làng, JaneXã, 977352",Huyết áp cao,6.22,Tú Bùi,24/02/2026
8ced4707-3903-4b65-81c6-1eeb0ce3c8c8,Quý cô Bảo Lê,274471451045,03/11/1997,0384683900,choang@example.org,"9 Bùi Làng, Huyện JaneHuyện, 100340",Huyết áp cao,6.66,Quý cô Linh Trần,28/04/2026
4dfa21be-a335-42c8-9e7b-1e95f692641a,Huy Văn Trần,574615470041,30/09/1942,0537279163,hoangjane@example.org,"2 Lê Số, Thành phố JaneThị xã, 258685",Huyết áp cao,6.1,Lâm Bảo Bùi,14/03/2026
e599bd3c-0bb8-4d38-9b37-ef19b3bc912f,Trọng Trí Lê,296457393888,01/12/1949,0827779700,jane52@example.org,"367 John Khu, Thị xã JaneThị xã, 687050",Khỏe mạnh,8.45,Quý cô Lan Lê,10/01/2026
d6bca712-6ecc-4931-af70-5d018da03d88,Bảo Mai Mai,400334587250,30/10/1952,0960969337,qmai@example.net,"082 Mai Số, Huyện JohnPhường, 908921",Huyết áp cao,9.94,Hạnh Mai,02/03/2026
8db78572-ef7d-4821-bca0-258eb63d65d5,Trọng Mai,777857084983,27/11/1974,0567677546,qpham@example.com,"7 Lê Dãy, JohnThành phố, 739718",Huyết áp cao,6.53,Tùng Đặng,05/01/2026
ab95c72f-0d95-4af5-a534-21bc6180b78a,Anh Tùng Mai,583734807621,06/04/1957,0743694028,duongjane@example.com,"18 Lê Hẻm, Huyện JohnPhường, 802013",Huyết áp cao,8.69,Hà Mai,17/03/2026
f9cf8499-c9c1-4d45-b4ea-6b976aa415b5,Nhật Lê,252405769311,26/07/1969,0857089549,john15@example.net,"340 Jane Tổ, JohnHuyện, 156222",Huyết áp cao,6.98,Bà Mai Nguyễn,24/01/2026
4773e66a-6db2-4020-8a67-01436090103c,Khoa Văn Vũ,979263788697,24/01/1970,0305142361,nguyenjane@example.net,"363 Hoàng Số, JanePhường, 558516",Khỏe mạnh,5.43,Dũng Trần,22/03/2026
1789be63-6746-4743-897b-303d8b074d1a,Nam Lê,482414943783,01/06/1980,0834977872,janedang@example.net,"391 Hoàng Số, JaneQuận, 556050",Huyết áp cao,4.3,Hồng Đặng,14/03/2026
7210045a-823c-4ef9-8d85-65ce83a9c235,Anh Huy Đặng,726108560070,14/12/1978,0547464327,dangjane@example.com,"510 Phạm Đường, JohnThành phố, 716446",Huyết áp cao,5.67,Bảo Tấn Lê,11/01/2026
8ede9b46-407d-4aff-8b51-a9112d90e4ee,Cô Thảo Hoàng,037837596554,24/07/1970,0834205455,janepham@example.net,"64 Mai Hẻm, Thành phố JohnHuyện, 214261",Tim mạch,10.51,Quý cô Linh Hoàng,24/02/2026
61a451ff-700b-4b43-ad3b-9d13c3e90323,Bà Khoa Nguyễn,095512301888,19/08/1956,0845462736,john48@example.net,"JohnXã, 7 Jane Ngõ, 382807",Huyết áp cao,11.74,Hồng Bùi,28/01/2026
9dec2b83-3885-4f7e-af1a-25a829344e15,Cô Khoa Vũ,721892950495,16/01/1960,0925279966,jane34@example.org,"427 John Dãy, JohnPhường, 570891",Tim mạch,9.05,Hoàng Xuân Lê,14/01/2026
7c6166df-515a-4b43-b189-1f48e66e2c11,Anh Minh Nguyễn,952036382393,06/02/1956,0878252803,janevu@example.net,"25 Đặng Dãy, Huyện JaneHuyện, 713002",Huyết áp cao,7.5,Cô Ngọc Bùi,22/01/2026
14fc3a5d-9b4b-4377-a542-deb92cff45f8,Bà Hương Bùi,594769448244,03/02/1962,0573971201,vujohn@example.com,"32 Jane Tổ, Huyện JaneThị xã, 347213",Tiểu đường,6.74,Anh Khoa Lê,08/04/2026
5d264b1b-6593-4659-972e-8c6882aa5c46,Thảo Phạm,205787425599,06/12/1957,0596322421,johntran@example.org,"159 Jane Số, JohnXã, 267041",Khỏe mạnh,7.95,Khoa Phú Đặng,11/04/2026
635a11f2-5c7a-483d-8a9d-2704e860bcb1,Tú Hoàng Mai,087822392848,19/06/1979,0820169037,janemai@example.org,"077 Phạm Dãy, JaneThị xã, 410681",Tim mạch,4.08,Phúc Bảo Phạm,27/03/2026
83b8fa05-13bc-4dc6-bae0-acdb2a6524af,Hoàng Thế Hoàng,829361744619,18/10/1960,0522522889,janele@example.net,"4 Trần Làng, JaneXã, 289102",Tiểu đường,5.08,Vi Hoàng,26/04/2026
833c8f55-a129-4fa2-a27d-4660293fc266,Lan Lê,126529024756,07/05/1955,0577588297,duongjane@example.org,"33 Dương Ngõ, Huyện JaneThị xã, 745152",Tiểu đường,7.74,Chi Phạm,24/04/2026
9f8acdeb-2e8f-45a8-847a-3b7ed209383b,Nhật Bảo Dương,427888054698,28/01/1997,0874860963,vnguyen@example.org,"6 John Ngõ, Thị xã JohnPhường, 785549",Tiểu đường,7.71,Bà Yến Mai,09/05/2026
8a0ea57a-9a7d-409d-a6e8-790b215d3b1f,Hà Phú Hoàng,185914230699,29/05/2006,0372028311,johnnguyen@example.com,"619 Đặng Dãy, Thành phố JohnXã, 829593",Khỏe mạnh,10.01,Ông Dũng Nguyễn,21/03/2026
b58ac738-0166-4221-b063-ae7f41ff81d1,Hưng Vũ,399906225792,25/05/1951,0921768621,jane58@example.net,"86 Jane Dãy, JohnXã, 345281",Khỏe mạnh,9.75,Bà Yến Nguyễn,22/03/2026
7b8301cf-8ebc-4d7e-88a6-5b858d56bff6,Quang Hoàng,485948126350,13/03/2001,0352365462,janemai@example.net,"2 John Làng, Huyện JanePhường, 213766",Tim mạch,8.18,Chị Yến Phạm,04/05/2026
d2c0dec2-1751-44d7-8deb-2696015aba1d,Kim Mai Bảo Vũ,345827701627,10/05/1947,0365056766,john25@example.com,"75 John Tổ, JaneQuận, 515042",Khỏe mạnh,7.58,Nhiên Thị Lê,27/04/2026
3b4ec9f5-b2cd-4a0a-840c-5cb082b34384,Huy Hoàng,401993100984,26/05/1935,0350347386,lejane@example.com,"513 John Làng, JohnPhường, 658024",Khỏe mạnh,4.15,Bà Ngọc Nguyễn,07/02/2026
932d1648-6769-40f1-ae01-b9e0746b161a,Hà Vũ,742532058376,08/10/1990,0553952526,janeduong@example.net,"42 John Số, Quận JaneQuận, 584147",Tim mạch,10.03,Quý cô Hạnh Nguyễn,04/04/2026
61f6dfbe-114b-4c79-8200-79f51dc3c26e,Nhiên Thị Mai,319839274353,28/06/1991,0544429471,john05@example.com,"977 John Đường, JohnHuyện, 353817",Tiểu đường,3.57,Minh Mai Dương,15/02/2026
43f19b58-df6c-4d60-bdf7-6a69bc45144a,Bà Bảo Hoàng,637881494556,25/10/1983,0361826572,johnbui@example.org,"294 Jane Ngõ, JaneThành phố, 518486",Tim mạch,11.44,Dương Vũ,19/03/2026
20d4ba18-93a0-4478-800b-19de38db128d,Hà Bùi,828497214472,16/06/2000,0728528254,johnduong@example.com,"11 Jane Hẻm, Quận JohnThị xã, 870354",Huyết áp cao,11.21,Châu Bùi,17/04/2026
78aa16ea-44f7-401a-bcb5-26d7434a130e,Ông Tú Hoàng,560011661496,21/01/1993,0785889334,lejohn@example.net,"069 John Khu, Quận JohnThành phố, 414747",Tiểu đường,6.95,Cô Lâm Dương,02/04/2026
6be8c756-2d36-426c-827e-789cce40483b,Cô Lâm Dương,921500921905,30/04/1978,0940664139,duongjohn@example.org,"911 Mai Số, JohnThành phố, 484370",Khỏe mạnh,5.16,Bác Tú Mai,19/04/2026
41f9994a-cf5d-437f-ae8d-5daa8eb7c306,Chị Phương Phạm,077765140954,21/02/1983,0356918381,tranjohn@example.com,"84 Jane Đường, Thị xã JohnThành phố, 773671",Tiểu đường,4.6,Bảo Bảo Trần,16/01/2026
50405c43-3a6c-4da6-97f7-d71f2978cc73,Anh Thành Bùi,679557951492,07/03/1989,0523943870,oduong@example.net,"929 Jane Đường, JohnPhường, 485149",Tiểu đường,7.87,Quý cô Ngọc Trần,17/04/2026
65a29cc8-c55b-495d-86bf-d9c40dc78104,Ông Anh Mai,531096231744,28/06/1956,0803578881,qbui@example.net,"35 Đặng Số, Thị xã JaneThành phố, 236955",Tim mạch,11.67,Chị Hà Nguyễn,27/01/2026
8a0ec018-b297-49b2-b2cf-fcaef833ebfb,Bà Kim Vũ,557394303427,23/07/1994,0702785155,john68@example.com,"2 Mai Làng, Thị xã JohnThị xã, 971267",Tim mạch,10.32,Kim Đức Trần,28/02/2026
cc476b72-6e31-4234-8410-010802568389,Cô Yến Lê,025332675304,04/05/1936,0586252792,bduong@example.com,"02 Phạm Dãy, Thị xã JaneThị xã, 981911",Tiểu đường,8.75,Tùng Bùi,22/02/2026
1186da93-da7d-4c53-b020-cf0669b41194,Khoa Vũ,824121437008,01/05/1997,0866335716,maijohn@example.com,"665 Đặng Tổ, Huyện JohnQuận, 185463",Tim mạch,11.57,Ông Trọng Dương,30/01/2026
578799d9-3799-4376-be5b-3ac903c501fe,Quý ông Hưng Bùi,417590194720,19/06/1998,0520666959,wbui@example.org,"35 Nguyễn Đường, Thành phố JaneHuyện, 991274",Huyết áp cao,3.87,Quang Phú Lê,31/03/2026
85695f97-180d-4855-855f-fde8bc3e1d19,Hà Văn Mai,734761046000,30/04/1979,0720582831,buijohn@example.com,"1 Phạm Đường, Thành phố JaneQuận, 881630",Tim mạch,11.17,Cô Phương Đặng,24/04/2026
3e3b1a40-ca05-43a2-a553-b15f1ea15b0f,Ông Huy Trần,334952618254,16/01/2000,0991817353,lejohn@example.com,"08 Bùi Làng, JanePhường, 163956",Huyết áp cao,11.94,Quý cô Thành Vũ,15/02/2026
c9df301e-8ef0-4de1-bb4f-19725115d7ee,Minh Hoàng Vũ,564097967815,09/10/1986,0346159261,john69@example.org,"0 Bùi Ngõ, JanePhường, 641623",Tiểu đường,11.08,Linh Phạm,29/03/2026
8aa6b006-436a-4b9d-91c5-6a004bb13407,Hải Hoàng,156171464266,12/12/1986,0836826338,janehoang@example.net,"561 Jane Số, Thị xã JaneHuyện, 793695",Tim mạch,11.09,Duyên Dương,08/05/2026
f013a170-d5cf-4b4c-8b34-fc841111ee29,Cô An Vũ,674705505872,05/12/1949,0780642433,john92@example.net,"4 Dương Số, Thành phố JohnXã, 775056",Tiểu đường,3.8,Trọng Bùi,12/03/2026
e3f342a8-f030-4fd4-be54-898e8eda6433,Khoa Nguyễn,920218557237,15/07/1971,0563033558,wtran@example.org,"5 John Khu, Huyện JohnHuyện, 630799",Khỏe mạnh,5.28,Cô An Trần,02/02/2026
66cc7376-8cca-4963-ae2e-77a4cadec379,Huy Mai,528346800499,02/04/1978,0796636522,qhoang@example.org,"73 Đặng Số, Quận JaneThị xã, 272636",Huyết áp cao,9.21,Nam Tấn Vũ,25/02/2026
2294fa0a-8482-4c08-842c-65ad9883e9b1,Chị Hương Lê,280798337613,23/07/1965,0516030370,duongjane@example.com,"3 John Làng, JohnQuận, 359476",Khỏe mạnh,11.08,Khoa Đặng,19/03/2026
bbf8da91-37a9-4824-aafa-4d5b91ae3d4c,Phúc Trần,255072390658,11/01/2001,0567899189,janenguyen@example.com,"004 Jane Ngõ, JohnQuận, 242635",Tiểu đường,10.61,Hải Hữu Lê,11/01/2026
51beba8e-0a8a-4b94-863d-fcd64e0648d0,Hồng Đặng,906641583278,17/03/1956,0801848323,hoangjane@example.org,"64 Phạm Hẻm, JohnQuận, 535826",Tim mạch,7.77,Hà Bùi,08/04/2026
2160446e-b2a7-4475-8619-67736f3acf33,Khoa Trí Dương,831742589862,03/10/2001,0746691913,janemai@example.com,"57 Lê Ngõ, JaneThành phố, 331595",Khỏe mạnh,11.91,Anh Thành Bùi,08/05/2026
2b54500d-4e08-4bb4-8509-d55806326b36,Dũng Mai,774871222057,16/03/1955,0873716242,phamjane@example.net,"7 Nguyễn Ngõ, Huyện JaneQuận, 688216",Khỏe mạnh,5.81,Bảo Phạm,02/04/2026
bd717da3-3581-4632-94f5-df7005d2d205,Lâm Nguyễn,139676999443,24/07/1970,0809566486,jane68@example.com,"151 Jane Đường, JohnThành phố, 926898",Khỏe mạnh,6.39,Nhật Trần,08/05/2026
637e3f94-110c-4d92-8222-305df1f71605,Huy Thế Đặng,088416045895,15/12/1937,0884581420,phamjohn@example.net,"511 Phạm Đường, Thành phố JohnThành phố, 652954",Tim mạch,10.0,Linh Vũ,18/03/2026
58c69158-04b4-4ac9-a831-7f0dbe9063fb,Nhật Xuân Vũ,490602480088,31/07/2003,0319657898,cduong@example.com,"0 Vũ Khu, JaneXã, 784893",Tim mạch,8.44,Bà Hồng Hoàng,16/04/2026
2379c05f-a708-4280-b4ee-0b6721bbd183,Bà Duyên Mai,179607283494,07/10/1953,0768184646,janemai@example.com,"35 Jane Làng, JaneXã, 387149",Khỏe mạnh,10.55,Phúc Hải Bùi,21/01/2026
c32fc21b-06b4-4d27-af4b-8be821acfdb5,Bảo Thị Lê,501878055543,14/10/1966,0989925501,johnvu@example.org,"345 John Tổ, Quận JohnPhường, 759517",Tiểu đường,4.09,Anh Lê,03/01/2026
69bd40d8-f340-4dd3-8515-75b9ece9504b,Phương Đặng,237371648859,11/05/1944,0548047035,dtran@example.com,"4 Trần Ngõ, Thành phố JaneHuyện, 283028",Tiểu đường,10.39,Tùng Hoàng,11/04/2026
